"Age";"AGE DATE (AS OF DATE)";"Aliases";"ALTERNATIVE SPELLING";"Category";"Companies";"Countries";"Deceased";"DOB";"E/I";"Editor";"Entered";"Updated";"EXTERNAL SOURCES";"Further Information";"SSN";"Passports";"IDENTIFICATION NUMBERS";"Keywords";"Linked To";"Locations";"First Name";"Last Name";"PLACE OF BIRTH";"Position";"Sub-Category";"Title";"UID"
"65";"2026/09/20";"J. Fernández;Juan Fernández Test";"Juan Fernandez";"PEP";"Mock Company 2;Demo Holdings 2";"Argentina";"";"1961-01-01";"I";"MOCK_GENERATOR";"2026/08/02";"2026/09/02";"MockSourceA;MockSourceB";"Fictitious mock record 1 for Smart Lists testing only";"99000000001";"MOCKP000001";"MOCKID0000001";"mock;test;pep";"";"Buenos Aires;Argentina";"Juan";"Fernández";"Buenos Aires";"Public Official";"Politically Exposed Person";"Mr";"1"
"64";"2026/09/20";"M. García;María García Test";"Maria Garcia";"SANCTION";"Mock Company 3;Demo Holdings 3";"Uruguay";"";"1962-02-02";"I";"MOCK_GENERATOR";"2026/08/03";"2026/09/03";"MockSourceA;MockSourceB";"Fictitious mock record 2 for Smart Lists testing only";"99000000002";"MOCKP000002";"MOCKID0000002";"mock;test;sanction";"";"Córdoba;Uruguay";"María";"García";"Córdoba";"Business Executive";"Sanctions";"Ms";"2"
"63";"2026/09/20";"C. Torres;Carlos Torres Test";"Carlos Torres";"RISK";"Mock Company 4;Demo Holdings 4";"Paraguay";"";"1963-03-03";"I";"MOCK_GENERATOR";"2026/08/04";"2026/09/04";"MockSourceA;MockSourceB";"Fictitious mock record 3 for Smart Lists testing only";"99000000003";"MOCKP000003";"MOCKID0000003";"mock;test;risk";"";"Rosario;Paraguay";"Carlos";"Torres";"Rosario";"Government Advisor";"High Risk Individual";"Dr";"3"
"62";"2026/09/20";"A. Ruiz;Ana Ruiz Test";"Ana Ruiz";"WATCHLIST";"Mock Company 5;Demo Holdings 5";"Chile";"";"1964-04-04";"I";"MOCK_GENERATOR";"2026/08/05";"2026/09/05";"MockSourceA;MockSourceB";"Fictitious mock record 4 for Smart Lists testing only";"99000000004";"MOCKP000004";"MOCKID0000004";"mock;test;watchlist";"";"Mendoza;Chile";"Ana";"Ruiz";"Mendoza";"Former Official";"Watchlist";"Lic";"4"
"61";"2026/09/20";"L. Castro;Luis Castro Test";"Luis Castro";"PEP";"Mock Company 6;Demo Holdings 6";"Brazil";"";"1965-05-05";"I";"MOCK_GENERATOR";"2026/08/06";"2026/09/06";"MockSourceA;MockSourceB";"Fictitious mock record 5 for Smart Lists testing only";"99000000005";"MOCKP000005";"MOCKID0000005";"mock;test;pep";"4";"La Plata;Brazil";"Luis";"Castro";"La Plata";"Private Individual";"Politically Exposed Person";"Ing";"5"
"60";"2026/09/20";"S. Silva;Sofía Silva Test";"Sofia Silva";"SANCTION";"Mock Company 7;Demo Holdings 7";"Peru";"";"1966-06-06";"I";"MOCK_GENERATOR";"2026/08/07";"2026/09/07";"MockSourceA;MockSourceB";"Fictitious mock record 6 for Smart Lists testing only";"99000000006";"MOCKP000006";"MOCKID0000006";"mock;test;sanction";"";"Montevideo;Peru";"Sofía";"Silva";"Montevideo";"Public Official";"Sanctions";"Mr";"6"
"59";"2026/09/20";"D. Gómez;Diego Gómez Test";"Diego Gomez";"RISK";"Mock Company 8;Demo Holdings 1";"Argentina";"";"1967-07-07";"I";"MOCK_GENERATOR";"2026/08/08";"2026/09/08";"MockSourceA;MockSourceB";"Fictitious mock record 7 for Smart Lists testing only";"99000000007";"MOCKP000007";"MOCKID0000007";"mock;test;risk";"";"Asunción;Argentina";"Diego";"Gómez";"Asunción";"Business Executive";"High Risk Individual";"Ms";"7"
"58";"2026/09/20";"L. López;Laura López Test";"Laura Lopez";"WATCHLIST";"Mock Company 9;Demo Holdings 2";"Uruguay";"";"1968-08-08";"I";"MOCK_GENERATOR";"2026/08/09";"2026/09/09";"MockSourceA;MockSourceB";"Fictitious mock record 8 for Smart Lists testing only";"99000000008";"MOCKP000008";"MOCKID0000008";"mock;test;watchlist";"";"Santiago;Uruguay";"Laura";"López";"Santiago";"Government Advisor";"Watchlist";"Dr";"8"
"57";"2026/09/20";"M. Sánchez;Martín Sánchez Test";"Martin Sanchez";"PEP";"Mock Company 10;Demo Holdings 3";"Paraguay";"";"1969-09-09";"I";"MOCK_GENERATOR";"2026/08/10";"2026/09/10";"MockSourceA;MockSourceB";"Fictitious mock record 9 for Smart Lists testing only";"99000000009";"MOCKP000009";"MOCKID0000009";"mock;test;pep";"";"Lima;Paraguay";"Martín";"Sánchez";"Lima";"Former Official";"Politically Exposed Person";"Lic";"9"
"56";"2026/09/20";"V. Álvarez;Valentina Álvarez Test";"Valentina Alvarez";"SANCTION";"Mock Company 1;Demo Holdings 4";"Chile";"";"1970-10-10";"I";"MOCK_GENERATOR";"2026/08/11";"2026/09/11";"MockSourceA;MockSourceB";"Fictitious mock record 10 for Smart Lists testing only";"99000000010";"MOCKP000010";"MOCKID0000010";"mock;test;sanction";"9";"São Paulo;Chile";"Valentina";"Álvarez";"São Paulo";"Private Individual";"Sanctions";"Ing";"10"
"55";"2026/09/20";"J. Herrera;Jorge Herrera Test";"Jorge Herrera";"RISK";"Mock Company 2;Demo Holdings 5";"Brazil";"";"1971-11-11";"I";"MOCK_GENERATOR";"2026/08/12";"2026/09/12";"MockSourceA;MockSourceB";"Fictitious mock record 11 for Smart Lists testing only";"99000000011";"MOCKP000011";"MOCKID0000011";"mock;test;risk";"";"Buenos Aires;Brazil";"Jorge";"Herrera";"Buenos Aires";"Public Official";"High Risk Individual";"Mr";"11"
"54";"2026/09/20";"C. Molina;Camila Molina Test";"Camila Molina";"WATCHLIST";"Mock Company 3;Demo Holdings 6";"Peru";"";"1972-12-12";"I";"MOCK_GENERATOR";"2026/08/13";"2026/09/13";"MockSourceA;MockSourceB";"Fictitious mock record 12 for Smart Lists testing only";"99000000012";"MOCKP000012";"MOCKID0000012";"mock;test;watchlist";"";"Córdoba;Peru";"Camila";"Molina";"Córdoba";"Business Executive";"Watchlist";"Ms";"12"
"53";"2026/09/20";"P. Pérez;Pablo Pérez Test";"Pablo Perez";"PEP";"Mock Company 4;Demo Holdings 7";"Argentina";"";"1973-01-13";"I";"MOCK_GENERATOR";"2026/08/14";"2026/09/14";"MockSourceA;MockSourceB";"Fictitious mock record 13 for Smart Lists testing only";"99000000013";"MOCKP000013";"MOCKID0000013";"mock;test;pep";"";"Rosario;Argentina";"Pablo";"Pérez";"Rosario";"Government Advisor";"Politically Exposed Person";"Dr";"13"
"52";"2026/09/20";"L. Fernández;Lucía Fernández Test";"Lucia Fernandez";"SANCTION";"Mock Company 5;Demo Holdings 1";"Uruguay";"";"1974-02-14";"I";"MOCK_GENERATOR";"2026/08/15";"2026/09/15";"MockSourceA;MockSourceB";"Fictitious mock record 14 for Smart Lists testing only";"99000000014";"MOCKP000014";"MOCKID0000014";"mock;test;sanction";"";"Mendoza;Uruguay";"Lucía";"Fernández";"Mendoza";"Former Official";"Sanctions";"Lic";"14"
"51";"2026/09/20";"F. García;Federico García Test";"Federico Garcia";"RISK";"Mock Company 6;Demo Holdings 2";"Paraguay";"";"1975-03-15";"I";"MOCK_GENERATOR";"2026/08/16";"2026/09/16";"MockSourceA;MockSourceB";"Fictitious mock record 15 for Smart Lists testing only";"99000000015";"MOCKP000015";"MOCKID0000015";"mock;test;risk";"14";"La Plata;Paraguay";"Federico";"García";"La Plata";"Private Individual";"High Risk Individual";"Ing";"15"
"50";"2026/09/20";"J. Torres;Julieta Torres Test";"Julieta Torres";"WATCHLIST";"Mock Company 7;Demo Holdings 3";"Chile";"";"1976-04-16";"I";"MOCK_GENERATOR";"2026/08/17";"2026/09/17";"MockSourceA;MockSourceB";"Fictitious mock record 16 for Smart Lists testing only";"99000000016";"MOCKP000016";"MOCKID0000016";"mock;test;watchlist";"";"Montevideo;Chile";"Julieta";"Torres";"Montevideo";"Public Official";"Watchlist";"Mr";"16"
"49";"2026/09/20";"R. Ruiz;Ricardo Ruiz Test";"Ricardo Ruiz";"PEP";"Mock Company 8;Demo Holdings 4";"Brazil";"2024/01/01";"1977-05-17";"I";"MOCK_GENERATOR";"2026/08/18";"2026/09/18";"MockSourceA;MockSourceB";"Fictitious mock record 17 for Smart Lists testing only";"99000000017";"MOCKP000017";"MOCKID0000017";"mock;test;pep";"";"Asunción;Brazil";"Ricardo";"Ruiz";"Asunción";"Business Executive";"Politically Exposed Person";"Ms";"17"
"48";"2026/09/20";"P. Castro;Paula Castro Test";"Paula Castro";"SANCTION";"Mock Company 9;Demo Holdings 5";"Peru";"";"1978-06-18";"I";"MOCK_GENERATOR";"2026/08/19";"2026/09/01";"MockSourceA;MockSourceB";"Fictitious mock record 18 for Smart Lists testing only";"99000000018";"MOCKP000018";"MOCKID0000018";"mock;test;sanction";"";"Santiago;Peru";"Paula";"Castro";"Santiago";"Government Advisor";"Sanctions";"Dr";"18"
"47";"2026/09/20";"N. Silva;Nicolás Silva Test";"Nicolas Silva";"RISK";"Mock Company 10;Demo Holdings 6";"Argentina";"";"1979-07-19";"I";"MOCK_GENERATOR";"2026/08/20";"2026/09/02";"MockSourceA;MockSourceB";"Fictitious mock record 19 for Smart Lists testing only";"99000000019";"MOCKP000019";"MOCKID0000019";"mock;test;risk";"";"Lima;Argentina";"Nicolás";"Silva";"Lima";"Former Official";"High Risk Individual";"Lic";"19"
"46";"2026/09/20";"C. Rodríguez;Carolina Rodríguez Test";"Carolina Rodriguez";"WATCHLIST";"Mock Company 1;Demo Holdings 7";"Uruguay";"";"1980-08-20";"I";"MOCK_GENERATOR";"2026/08/01";"2026/09/03";"MockSourceA;MockSourceB";"Fictitious mock record 20 for Smart Lists testing only";"99000000020";"MOCKP000020";"MOCKID0000020";"mock;test;watchlist";"19";"São Paulo;Uruguay";"Carolina";"Rodríguez";"São Paulo";"Private Individual";"Watchlist";"Ing";"20"
"45";"2026/09/20";"J. Martínez;Juan Martínez Test";"Juan Martinez";"PEP";"Mock Company 2;Demo Holdings 1";"Paraguay";"";"1981-09-21";"I";"MOCK_GENERATOR";"2026/08/02";"2026/09/04";"MockSourceA;MockSourceB";"Fictitious mock record 21 for Smart Lists testing only";"99000000021";"MOCKP000021";"MOCKID0000021";"mock;test;pep";"";"Buenos Aires;Paraguay";"Juan";"Martínez";"Buenos Aires";"Public Official";"Politically Exposed Person";"Mr";"21"
"44";"2026/09/20";"M. Romero;María Romero Test";"Maria Romero";"SANCTION";"Mock Company 3;Demo Holdings 2";"Chile";"";"1982-10-22";"I";"MOCK_GENERATOR";"2026/08/03";"2026/09/05";"MockSourceA;MockSourceB";"Fictitious mock record 22 for Smart Lists testing only";"99000000022";"MOCKP000022";"MOCKID0000022";"mock;test;sanction";"";"Córdoba;Chile";"María";"Romero";"Córdoba";"Business Executive";"Sanctions";"Ms";"22"
"43";"2026/09/20";"C. Álvarez;Carlos Álvarez Test";"Carlos Alvarez";"RISK";"Mock Company 4;Demo Holdings 3";"Brazil";"";"1983-11-23";"I";"MOCK_GENERATOR";"2026/08/04";"2026/09/06";"MockSourceA;MockSourceB";"Fictitious mock record 23 for Smart Lists testing only";"99000000023";"MOCKP000023";"MOCKID0000023";"mock;test;risk";"";"Rosario;Brazil";"Carlos";"Álvarez";"Rosario";"Government Advisor";"High Risk Individual";"Dr";"23"
"42";"2026/09/20";"A. Herrera;Ana Herrera Test";"Ana Herrera";"WATCHLIST";"Mock Company 5;Demo Holdings 4";"Peru";"";"1984-12-24";"I";"MOCK_GENERATOR";"2026/08/05";"2026/09/07";"MockSourceA;MockSourceB";"Fictitious mock record 24 for Smart Lists testing only";"99000000024";"MOCKP000024";"MOCKID0000024";"mock;test;watchlist";"";"Mendoza;Peru";"Ana";"Herrera";"Mendoza";"Former Official";"Watchlist";"Lic";"24"
"41";"2026/09/20";"L. Molina;Luis Molina Test";"Luis Molina";"PEP";"Mock Company 6;Demo Holdings 5";"Argentina";"";"1985-01-25";"I";"MOCK_GENERATOR";"2026/08/06";"2026/09/08";"MockSourceA;MockSourceB";"Fictitious mock record 25 for Smart Lists testing only";"99000000025";"MOCKP000025";"MOCKID0000025";"mock;test;pep";"24";"La Plata;Argentina";"Luis";"Molina";"La Plata";"Private Individual";"Politically Exposed Person";"Ing";"25"
"40";"2026/09/20";"S. Pérez;Sofía Pérez Test";"Sofia Perez";"SANCTION";"Mock Company 7;Demo Holdings 6";"Uruguay";"";"1986-02-26";"I";"MOCK_GENERATOR";"2026/08/07";"2026/09/09";"MockSourceA;MockSourceB";"Fictitious mock record 26 for Smart Lists testing only";"99000000026";"MOCKP000026";"MOCKID0000026";"mock;test;sanction";"";"Montevideo;Uruguay";"Sofía";"Pérez";"Montevideo";"Public Official";"Sanctions";"Mr";"26"
"39";"2026/09/20";"D. Fernández;Diego Fernández Test";"Diego Fernandez";"RISK";"Mock Company 8;Demo Holdings 7";"Paraguay";"";"1987-03-27";"I";"MOCK_GENERATOR";"2026/08/08";"2026/09/10";"MockSourceA;MockSourceB";"Fictitious mock record 27 for Smart Lists testing only";"99000000027";"MOCKP000027";"MOCKID0000027";"mock;test;risk";"";"Asunción;Paraguay";"Diego";"Fernández";"Asunción";"Business Executive";"High Risk Individual";"Ms";"27"
"38";"2026/09/20";"L. García;Laura García Test";"Laura Garcia";"WATCHLIST";"Mock Company 9;Demo Holdings 1";"Chile";"";"1988-04-01";"I";"MOCK_GENERATOR";"2026/08/09";"2026/09/11";"MockSourceA;MockSourceB";"Fictitious mock record 28 for Smart Lists testing only";"99000000028";"MOCKP000028";"MOCKID0000028";"mock;test;watchlist";"";"Santiago;Chile";"Laura";"García";"Santiago";"Government Advisor";"Watchlist";"Dr";"28"
"37";"2026/09/20";"M. Torres;Martín Torres Test";"Martin Torres";"PEP";"Mock Company 10;Demo Holdings 2";"Brazil";"";"1989-05-02";"I";"MOCK_GENERATOR";"2026/08/10";"2026/09/12";"MockSourceA;MockSourceB";"Fictitious mock record 29 for Smart Lists testing only";"99000000029";"MOCKP000029";"MOCKID0000029";"mock;test;pep";"";"Lima;Brazil";"Martín";"Torres";"Lima";"Former Official";"Politically Exposed Person";"Lic";"29"
"36";"2026/09/20";"V. Benítez;Valentina Benítez Test";"Valentina Benitez";"SANCTION";"Mock Company 1;Demo Holdings 3";"Peru";"";"1990-06-03";"I";"MOCK_GENERATOR";"2026/08/11";"2026/09/13";"MockSourceA;MockSourceB";"Fictitious mock record 30 for Smart Lists testing only";"99000000030";"MOCKP000030";"MOCKID0000030";"mock;test;sanction";"29";"São Paulo;Peru";"Valentina";"Benítez";"São Paulo";"Private Individual";"Sanctions";"Ing";"30"
"35";"2026/09/20";"J. Suárez;Jorge Suárez Test";"Jorge Suarez";"RISK";"Mock Company 2;Demo Holdings 4";"Argentina";"";"1991-07-04";"I";"MOCK_GENERATOR";"2026/08/12";"2026/09/14";"MockSourceA;MockSourceB";"Fictitious mock record 31 for Smart Lists testing only";"99000000031";"MOCKP000031";"MOCKID0000031";"mock;test;risk";"";"Buenos Aires;Argentina";"Jorge";"Suárez";"Buenos Aires";"Public Official";"High Risk Individual";"Mr";"31"
"34";"2026/09/20";"C. Rojas;Camila Rojas Test";"Camila Rojas";"WATCHLIST";"Mock Company 3;Demo Holdings 5";"Uruguay";"";"1992-08-05";"I";"MOCK_GENERATOR";"2026/08/13";"2026/09/15";"MockSourceA;MockSourceB";"Fictitious mock record 32 for Smart Lists testing only";"99000000032";"MOCKP000032";"MOCKID0000032";"mock;test;watchlist";"";"Córdoba;Uruguay";"Camila";"Rojas";"Córdoba";"Business Executive";"Watchlist";"Ms";"32"
"33";"2026/09/20";"P. Rodríguez;Pablo Rodríguez Test";"Pablo Rodriguez";"PEP";"Mock Company 4;Demo Holdings 6";"Paraguay";"";"1993-09-06";"I";"MOCK_GENERATOR";"2026/08/14";"2026/09/16";"MockSourceA;MockSourceB";"Fictitious mock record 33 for Smart Lists testing only";"99000000033";"MOCKP000033";"MOCKID0000033";"mock;test;pep";"";"Rosario;Paraguay";"Pablo";"Rodríguez";"Rosario";"Government Advisor";"Politically Exposed Person";"Dr";"33"
"32";"2026/09/20";"L. Martínez;Lucía Martínez Test";"Lucia Martinez";"SANCTION";"Mock Company 5;Demo Holdings 7";"Chile";"2024/01/01";"1994-10-07";"I";"MOCK_GENERATOR";"2026/08/15";"2026/09/17";"MockSourceA;MockSourceB";"Fictitious mock record 34 for Smart Lists testing only";"99000000034";"MOCKP000034";"MOCKID0000034";"mock;test;sanction";"";"Mendoza;Chile";"Lucía";"Martínez";"Mendoza";"Former Official";"Sanctions";"Lic";"34"
"66";"2026/09/20";"F. Romero;Federico Romero Test";"Federico Romero";"RISK";"Mock Company 6;Demo Holdings 1";"Brazil";"";"1960-11-08";"I";"MOCK_GENERATOR";"2026/08/16";"2026/09/18";"MockSourceA;MockSourceB";"Fictitious mock record 35 for Smart Lists testing only";"99000000035";"MOCKP000035";"MOCKID0000035";"mock;test;risk";"34";"La Plata;Brazil";"Federico";"Romero";"La Plata";"Private Individual";"High Risk Individual";"Ing";"35"
"65";"2026/09/20";"J. Álvarez;Julieta Álvarez Test";"Julieta Alvarez";"WATCHLIST";"Mock Company 7;Demo Holdings 2";"Peru";"";"1961-12-09";"I";"MOCK_GENERATOR";"2026/08/17";"2026/09/01";"MockSourceA;MockSourceB";"Fictitious mock record 36 for Smart Lists testing only";"99000000036";"MOCKP000036";"MOCKID0000036";"mock;test;watchlist";"";"Montevideo;Peru";"Julieta";"Álvarez";"Montevideo";"Public Official";"Watchlist";"Mr";"36"
"64";"2026/09/20";"R. Herrera;Ricardo Herrera Test";"Ricardo Herrera";"PEP";"Mock Company 8;Demo Holdings 3";"Argentina";"";"1962-01-10";"I";"MOCK_GENERATOR";"2026/08/18";"2026/09/02";"MockSourceA;MockSourceB";"Fictitious mock record 37 for Smart Lists testing only";"99000000037";"MOCKP000037";"MOCKID0000037";"mock;test;pep";"";"Asunción;Argentina";"Ricardo";"Herrera";"Asunción";"Business Executive";"Politically Exposed Person";"Ms";"37"
"63";"2026/09/20";"P. Molina;Paula Molina Test";"Paula Molina";"SANCTION";"Mock Company 9;Demo Holdings 4";"Uruguay";"";"1963-02-11";"I";"MOCK_GENERATOR";"2026/08/19";"2026/09/03";"MockSourceA;MockSourceB";"Fictitious mock record 38 for Smart Lists testing only";"99000000038";"MOCKP000038";"MOCKID0000038";"mock;test;sanction";"";"Santiago;Uruguay";"Paula";"Molina";"Santiago";"Government Advisor";"Sanctions";"Dr";"38"
"62";"2026/09/20";"N. Pérez;Nicolás Pérez Test";"Nicolas Perez";"RISK";"Mock Company 10;Demo Holdings 5";"Paraguay";"";"1964-03-12";"I";"MOCK_GENERATOR";"2026/08/20";"2026/09/04";"MockSourceA;MockSourceB";"Fictitious mock record 39 for Smart Lists testing only";"99000000039";"MOCKP000039";"MOCKID0000039";"mock;test;risk";"";"Lima;Paraguay";"Nicolás";"Pérez";"Lima";"Former Official";"High Risk Individual";"Lic";"39"
"61";"2026/09/20";"C. López;Carolina López Test";"Carolina Lopez";"WATCHLIST";"Mock Company 1;Demo Holdings 6";"Chile";"";"1965-04-13";"I";"MOCK_GENERATOR";"2026/08/01";"2026/09/05";"MockSourceA;MockSourceB";"Fictitious mock record 40 for Smart Lists testing only";"99000000040";"MOCKP000040";"MOCKID0000040";"mock;test;watchlist";"39";"São Paulo;Chile";"Carolina";"López";"São Paulo";"Private Individual";"Watchlist";"Ing";"40"
"60";"2026/09/20";"J. Sánchez;Juan Sánchez Test";"Juan Sanchez";"PEP";"Mock Company 2;Demo Holdings 7";"Brazil";"";"1966-05-14";"I";"MOCK_GENERATOR";"2026/08/02";"2026/09/06";"MockSourceA;MockSourceB";"Fictitious mock record 41 for Smart Lists testing only";"99000000041";"MOCKP000041";"MOCKID0000041";"mock;test;pep";"";"Buenos Aires;Brazil";"Juan";"Sánchez";"Buenos Aires";"Public Official";"Politically Exposed Person";"Mr";"41"
"59";"2026/09/20";"M. Díaz;María Díaz Test";"Maria Diaz";"SANCTION";"Mock Company 3;Demo Holdings 1";"Peru";"";"1967-06-15";"I";"MOCK_GENERATOR";"2026/08/03";"2026/09/07";"MockSourceA;MockSourceB";"Fictitious mock record 42 for Smart Lists testing only";"99000000042";"MOCKP000042";"MOCKID0000042";"mock;test;sanction";"";"Córdoba;Peru";"María";"Díaz";"Córdoba";"Business Executive";"Sanctions";"Ms";"42"
"58";"2026/09/20";"C. Benítez;Carlos Benítez Test";"Carlos Benitez";"RISK";"Mock Company 4;Demo Holdings 2";"Argentina";"";"1968-07-16";"I";"MOCK_GENERATOR";"2026/08/04";"2026/09/08";"MockSourceA;MockSourceB";"Fictitious mock record 43 for Smart Lists testing only";"99000000043";"MOCKP000043";"MOCKID0000043";"mock;test;risk";"";"Rosario;Argentina";"Carlos";"Benítez";"Rosario";"Government Advisor";"High Risk Individual";"Dr";"43"
"57";"2026/09/20";"A. Suárez;Ana Suárez Test";"Ana Suarez";"WATCHLIST";"Mock Company 5;Demo Holdings 3";"Uruguay";"";"1969-08-17";"I";"MOCK_GENERATOR";"2026/08/05";"2026/09/09";"MockSourceA;MockSourceB";"Fictitious mock record 44 for Smart Lists testing only";"99000000044";"MOCKP000044";"MOCKID0000044";"mock;test;watchlist";"";"Mendoza;Uruguay";"Ana";"Suárez";"Mendoza";"Former Official";"Watchlist";"Lic";"44"
"56";"2026/09/20";"L. Rojas;Luis Rojas Test";"Luis Rojas";"PEP";"Mock Company 6;Demo Holdings 4";"Paraguay";"";"1970-09-18";"I";"MOCK_GENERATOR";"2026/08/06";"2026/09/10";"MockSourceA;MockSourceB";"Fictitious mock record 45 for Smart Lists testing only";"99000000045";"MOCKP000045";"MOCKID0000045";"mock;test;pep";"44";"La Plata;Paraguay";"Luis";"Rojas";"La Plata";"Private Individual";"Politically Exposed Person";"Ing";"45"
"55";"2026/09/20";"S. Rodríguez;Sofía Rodríguez Test";"Sofia Rodriguez";"SANCTION";"Mock Company 7;Demo Holdings 5";"Chile";"";"1971-10-19";"I";"MOCK_GENERATOR";"2026/08/07";"2026/09/11";"MockSourceA;MockSourceB";"Fictitious mock record 46 for Smart Lists testing only";"99000000046";"MOCKP000046";"MOCKID0000046";"mock;test;sanction";"";"Montevideo;Chile";"Sofía";"Rodríguez";"Montevideo";"Public Official";"Sanctions";"Mr";"46"
"54";"2026/09/20";"D. Martínez;Diego Martínez Test";"Diego Martinez";"RISK";"Mock Company 8;Demo Holdings 6";"Brazil";"";"1972-11-20";"I";"MOCK_GENERATOR";"2026/08/08";"2026/09/12";"MockSourceA;MockSourceB";"Fictitious mock record 47 for Smart Lists testing only";"99000000047";"MOCKP000047";"MOCKID0000047";"mock;test;risk";"";"Asunción;Brazil";"Diego";"Martínez";"Asunción";"Business Executive";"High Risk Individual";"Ms";"47"
"53";"2026/09/20";"L. Romero;Laura Romero Test";"Laura Romero";"WATCHLIST";"Mock Company 9;Demo Holdings 7";"Peru";"";"1973-12-21";"I";"MOCK_GENERATOR";"2026/08/09";"2026/09/13";"MockSourceA;MockSourceB";"Fictitious mock record 48 for Smart Lists testing only";"99000000048";"MOCKP000048";"MOCKID0000048";"mock;test;watchlist";"";"Santiago;Peru";"Laura";"Romero";"Santiago";"Government Advisor";"Watchlist";"Dr";"48"
"52";"2026/09/20";"M. Álvarez;Martín Álvarez Test";"Martin Alvarez";"PEP";"Mock Company 10;Demo Holdings 1";"Argentina";"";"1974-01-22";"I";"MOCK_GENERATOR";"2026/08/10";"2026/09/14";"MockSourceA;MockSourceB";"Fictitious mock record 49 for Smart Lists testing only";"99000000049";"MOCKP000049";"MOCKID0000049";"mock;test;pep";"";"Lima;Argentina";"Martín";"Álvarez";"Lima";"Former Official";"Politically Exposed Person";"Lic";"49"
"51";"2026/09/20";"V. Castro;Valentina Castro Test";"Valentina Castro";"SANCTION";"Mock Company 1;Demo Holdings 2";"Uruguay";"";"1975-02-23";"I";"MOCK_GENERATOR";"2026/08/11";"2026/09/15";"MockSourceA;MockSourceB";"Fictitious mock record 50 for Smart Lists testing only";"99000000050";"MOCKP000050";"MOCKID0000050";"mock;test;sanction";"49";"São Paulo;Uruguay";"Valentina";"Castro";"São Paulo";"Private Individual";"Sanctions";"Ing";"50"
"50";"2026/09/20";"J. Silva;Jorge Silva Test";"Jorge Silva";"RISK";"Mock Company 2;Demo Holdings 3";"Paraguay";"2024/01/01";"1976-03-24";"I";"MOCK_GENERATOR";"2026/08/12";"2026/09/16";"MockSourceA;MockSourceB";"Fictitious mock record 51 for Smart Lists testing only";"99000000051";"MOCKP000051";"MOCKID0000051";"mock;test;risk";"";"Buenos Aires;Paraguay";"Jorge";"Silva";"Buenos Aires";"Public Official";"High Risk Individual";"Mr";"51"
"49";"2026/09/20";"C. Gómez;Camila Gómez Test";"Camila Gomez";"WATCHLIST";"Mock Company 3;Demo Holdings 4";"Chile";"";"1977-04-25";"I";"MOCK_GENERATOR";"2026/08/13";"2026/09/17";"MockSourceA;MockSourceB";"Fictitious mock record 52 for Smart Lists testing only";"99000000052";"MOCKP000052";"MOCKID0000052";"mock;test;watchlist";"";"Córdoba;Chile";"Camila";"Gómez";"Córdoba";"Business Executive";"Watchlist";"Ms";"52"
"48";"2026/09/20";"P. López;Pablo López Test";"Pablo Lopez";"PEP";"Mock Company 4;Demo Holdings 5";"Brazil";"";"1978-05-26";"I";"MOCK_GENERATOR";"2026/08/14";"2026/09/18";"MockSourceA;MockSourceB";"Fictitious mock record 53 for Smart Lists testing only";"99000000053";"MOCKP000053";"MOCKID0000053";"mock;test;pep";"";"Rosario;Brazil";"Pablo";"López";"Rosario";"Government Advisor";"Politically Exposed Person";"Dr";"53"
"47";"2026/09/20";"L. Sánchez;Lucía Sánchez Test";"Lucia Sanchez";"SANCTION";"Mock Company 5;Demo Holdings 6";"Peru";"";"1979-06-27";"I";"MOCK_GENERATOR";"2026/08/15";"2026/09/01";"MockSourceA;MockSourceB";"Fictitious mock record 54 for Smart Lists testing only";"99000000054";"MOCKP000054";"MOCKID0000054";"mock;test;sanction";"";"Mendoza;Peru";"Lucía";"Sánchez";"Mendoza";"Former Official";"Sanctions";"Lic";"54"
"46";"2026/09/20";"F. Díaz;Federico Díaz Test";"Federico Diaz";"RISK";"Mock Company 6;Demo Holdings 7";"Argentina";"";"1980-07-01";"I";"MOCK_GENERATOR";"2026/08/16";"2026/09/02";"MockSourceA;MockSourceB";"Fictitious mock record 55 for Smart Lists testing only";"99000000055";"MOCKP000055";"MOCKID0000055";"mock;test;risk";"54";"La Plata;Argentina";"Federico";"Díaz";"La Plata";"Private Individual";"High Risk Individual";"Ing";"55"
"45";"2026/09/20";"J. Benítez;Julieta Benítez Test";"Julieta Benitez";"WATCHLIST";"Mock Company 7;Demo Holdings 1";"Uruguay";"";"1981-08-02";"I";"MOCK_GENERATOR";"2026/08/17";"2026/09/03";"MockSourceA;MockSourceB";"Fictitious mock record 56 for Smart Lists testing only";"99000000056";"MOCKP000056";"MOCKID0000056";"mock;test;watchlist";"";"Montevideo;Uruguay";"Julieta";"Benítez";"Montevideo";"Public Official";"Watchlist";"Mr";"56"
"44";"2026/09/20";"R. Suárez;Ricardo Suárez Test";"Ricardo Suarez";"PEP";"Mock Company 8;Demo Holdings 2";"Paraguay";"";"1982-09-03";"I";"MOCK_GENERATOR";"2026/08/18";"2026/09/04";"MockSourceA;MockSourceB";"Fictitious mock record 57 for Smart Lists testing only";"99000000057";"MOCKP000057";"MOCKID0000057";"mock;test;pep";"";"Asunción;Paraguay";"Ricardo";"Suárez";"Asunción";"Business Executive";"Politically Exposed Person";"Ms";"57"
"43";"2026/09/20";"P. Rojas;Paula Rojas Test";"Paula Rojas";"SANCTION";"Mock Company 9;Demo Holdings 3";"Chile";"";"1983-10-04";"I";"MOCK_GENERATOR";"2026/08/19";"2026/09/05";"MockSourceA;MockSourceB";"Fictitious mock record 58 for Smart Lists testing only";"99000000058";"MOCKP000058";"MOCKID0000058";"mock;test;sanction";"";"Santiago;Chile";"Paula";"Rojas";"Santiago";"Government Advisor";"Sanctions";"Dr";"58"
"42";"2026/09/20";"N. Rodríguez;Nicolás Rodríguez Test";"Nicolas Rodriguez";"RISK";"Mock Company 10;Demo Holdings 4";"Brazil";"";"1984-11-05";"I";"MOCK_GENERATOR";"2026/08/20";"2026/09/06";"MockSourceA;MockSourceB";"Fictitious mock record 59 for Smart Lists testing only";"99000000059";"MOCKP000059";"MOCKID0000059";"mock;test;risk";"";"Lima;Brazil";"Nicolás";"Rodríguez";"Lima";"Former Official";"High Risk Individual";"Lic";"59"
"41";"2026/09/20";"C. García;Carolina García Test";"Carolina Garcia";"WATCHLIST";"Mock Company 1;Demo Holdings 5";"Peru";"";"1985-12-06";"I";"MOCK_GENERATOR";"2026/08/01";"2026/09/07";"MockSourceA;MockSourceB";"Fictitious mock record 60 for Smart Lists testing only";"99000000060";"MOCKP000060";"MOCKID0000060";"mock;test;watchlist";"59";"São Paulo;Peru";"Carolina";"García";"São Paulo";"Private Individual";"Watchlist";"Ing";"60"
"40";"2026/09/20";"J. Torres;Juan Torres Test";"Juan Torres";"PEP";"Mock Company 2;Demo Holdings 6";"Argentina";"";"1986-01-07";"I";"MOCK_GENERATOR";"2026/08/02";"2026/09/08";"MockSourceA;MockSourceB";"Fictitious mock record 61 for Smart Lists testing only";"99000000061";"MOCKP000061";"MOCKID0000061";"mock;test;pep";"";"Buenos Aires;Argentina";"Juan";"Torres";"Buenos Aires";"Public Official";"Politically Exposed Person";"Mr";"61"
"39";"2026/09/20";"M. Ruiz;María Ruiz Test";"Maria Ruiz";"SANCTION";"Mock Company 3;Demo Holdings 7";"Uruguay";"";"1987-02-08";"I";"MOCK_GENERATOR";"2026/08/03";"2026/09/09";"MockSourceA;MockSourceB";"Fictitious mock record 62 for Smart Lists testing only";"99000000062";"MOCKP000062";"MOCKID0000062";"mock;test;sanction";"";"Córdoba;Uruguay";"María";"Ruiz";"Córdoba";"Business Executive";"Sanctions";"Ms";"62"
"38";"2026/09/20";"C. Castro;Carlos Castro Test";"Carlos Castro";"RISK";"Mock Company 4;Demo Holdings 1";"Paraguay";"";"1988-03-09";"I";"MOCK_GENERATOR";"2026/08/04";"2026/09/10";"MockSourceA;MockSourceB";"Fictitious mock record 63 for Smart Lists testing only";"99000000063";"MOCKP000063";"MOCKID0000063";"mock;test;risk";"";"Rosario;Paraguay";"Carlos";"Castro";"Rosario";"Government Advisor";"High Risk Individual";"Dr";"63"
"37";"2026/09/20";"A. Silva;Ana Silva Test";"Ana Silva";"WATCHLIST";"Mock Company 5;Demo Holdings 2";"Chile";"";"1989-04-10";"I";"MOCK_GENERATOR";"2026/08/05";"2026/09/11";"MockSourceA;MockSourceB";"Fictitious mock record 64 for Smart Lists testing only";"99000000064";"MOCKP000064";"MOCKID0000064";"mock;test;watchlist";"";"Mendoza;Chile";"Ana";"Silva";"Mendoza";"Former Official";"Watchlist";"Lic";"64"
"36";"2026/09/20";"L. Gómez;Luis Gómez Test";"Luis Gomez";"PEP";"Mock Company 6;Demo Holdings 3";"Brazil";"";"1990-05-11";"I";"MOCK_GENERATOR";"2026/08/06";"2026/09/12";"MockSourceA;MockSourceB";"Fictitious mock record 65 for Smart Lists testing only";"99000000065";"MOCKP000065";"MOCKID0000065";"mock;test;pep";"64";"La Plata;Brazil";"Luis";"Gómez";"La Plata";"Private Individual";"Politically Exposed Person";"Ing";"65"
"35";"2026/09/20";"S. López;Sofía López Test";"Sofia Lopez";"SANCTION";"Mock Company 7;Demo Holdings 4";"Peru";"";"1991-06-12";"I";"MOCK_GENERATOR";"2026/08/07";"2026/09/13";"MockSourceA;MockSourceB";"Fictitious mock record 66 for Smart Lists testing only";"99000000066";"MOCKP000066";"MOCKID0000066";"mock;test;sanction";"";"Montevideo;Peru";"Sofía";"López";"Montevideo";"Public Official";"Sanctions";"Mr";"66"
"34";"2026/09/20";"D. Sánchez;Diego Sánchez Test";"Diego Sanchez";"RISK";"Mock Company 8;Demo Holdings 5";"Argentina";"";"1992-07-13";"I";"MOCK_GENERATOR";"2026/08/08";"2026/09/14";"MockSourceA;MockSourceB";"Fictitious mock record 67 for Smart Lists testing only";"99000000067";"MOCKP000067";"MOCKID0000067";"mock;test;risk";"";"Asunción;Argentina";"Diego";"Sánchez";"Asunción";"Business Executive";"High Risk Individual";"Ms";"67"
"33";"2026/09/20";"L. Díaz;Laura Díaz Test";"Laura Diaz";"WATCHLIST";"Mock Company 9;Demo Holdings 6";"Uruguay";"2024/01/01";"1993-08-14";"I";"MOCK_GENERATOR";"2026/08/09";"2026/09/15";"MockSourceA;MockSourceB";"Fictitious mock record 68 for Smart Lists testing only";"99000000068";"MOCKP000068";"MOCKID0000068";"mock;test;watchlist";"";"Santiago;Uruguay";"Laura";"Díaz";"Santiago";"Government Advisor";"Watchlist";"Dr";"68"
"32";"2026/09/20";"M. Benítez;Martín Benítez Test";"Martin Benitez";"PEP";"Mock Company 10;Demo Holdings 7";"Paraguay";"";"1994-09-15";"I";"MOCK_GENERATOR";"2026/08/10";"2026/09/16";"MockSourceA;MockSourceB";"Fictitious mock record 69 for Smart Lists testing only";"99000000069";"MOCKP000069";"MOCKID0000069";"mock;test;pep";"";"Lima;Paraguay";"Martín";"Benítez";"Lima";"Former Official";"Politically Exposed Person";"Lic";"69"
"66";"2026/09/20";"V. Molina;Valentina Molina Test";"Valentina Molina";"SANCTION";"Mock Company 1;Demo Holdings 1";"Chile";"";"1960-10-16";"I";"MOCK_GENERATOR";"2026/08/11";"2026/09/17";"MockSourceA;MockSourceB";"Fictitious mock record 70 for Smart Lists testing only";"99000000070";"MOCKP000070";"MOCKID0000070";"mock;test;sanction";"69";"São Paulo;Chile";"Valentina";"Molina";"São Paulo";"Private Individual";"Sanctions";"Ing";"70"
"65";"2026/09/20";"J. Pérez;Jorge Pérez Test";"Jorge Perez";"RISK";"Mock Company 2;Demo Holdings 2";"Brazil";"";"1961-11-17";"I";"MOCK_GENERATOR";"2026/08/12";"2026/09/18";"MockSourceA;MockSourceB";"Fictitious mock record 71 for Smart Lists testing only";"99000000071";"MOCKP000071";"MOCKID0000071";"mock;test;risk";"";"Buenos Aires;Brazil";"Jorge";"Pérez";"Buenos Aires";"Public Official";"High Risk Individual";"Mr";"71"
"64";"2026/09/20";"C. Fernández;Camila Fernández Test";"Camila Fernandez";"WATCHLIST";"Mock Company 3;Demo Holdings 3";"Peru";"";"1962-12-18";"I";"MOCK_GENERATOR";"2026/08/13";"2026/09/01";"MockSourceA;MockSourceB";"Fictitious mock record 72 for Smart Lists testing only";"99000000072";"MOCKP000072";"MOCKID0000072";"mock;test;watchlist";"";"Córdoba;Peru";"Camila";"Fernández";"Córdoba";"Business Executive";"Watchlist";"Ms";"72"
"63";"2026/09/20";"P. García;Pablo García Test";"Pablo Garcia";"PEP";"Mock Company 4;Demo Holdings 4";"Argentina";"";"1963-01-19";"I";"MOCK_GENERATOR";"2026/08/14";"2026/09/02";"MockSourceA;MockSourceB";"Fictitious mock record 73 for Smart Lists testing only";"99000000073";"MOCKP000073";"MOCKID0000073";"mock;test;pep";"";"Rosario;Argentina";"Pablo";"García";"Rosario";"Government Advisor";"Politically Exposed Person";"Dr";"73"
"62";"2026/09/20";"L. Torres;Lucía Torres Test";"Lucia Torres";"SANCTION";"Mock Company 5;Demo Holdings 5";"Uruguay";"";"1964-02-20";"I";"MOCK_GENERATOR";"2026/08/15";"2026/09/03";"MockSourceA;MockSourceB";"Fictitious mock record 74 for Smart Lists testing only";"99000000074";"MOCKP000074";"MOCKID0000074";"mock;test;sanction";"";"Mendoza;Uruguay";"Lucía";"Torres";"Mendoza";"Former Official";"Sanctions";"Lic";"74"
"61";"2026/09/20";"F. Ruiz;Federico Ruiz Test";"Federico Ruiz";"RISK";"Mock Company 6;Demo Holdings 6";"Paraguay";"";"1965-03-21";"I";"MOCK_GENERATOR";"2026/08/16";"2026/09/04";"MockSourceA;MockSourceB";"Fictitious mock record 75 for Smart Lists testing only";"99000000075";"MOCKP000075";"MOCKID0000075";"mock;test;risk";"74";"La Plata;Paraguay";"Federico";"Ruiz";"La Plata";"Private Individual";"High Risk Individual";"Ing";"75"
"60";"2026/09/20";"J. Castro;Julieta Castro Test";"Julieta Castro";"WATCHLIST";"Mock Company 7;Demo Holdings 7";"Chile";"";"1966-04-22";"I";"MOCK_GENERATOR";"2026/08/17";"2026/09/05";"MockSourceA;MockSourceB";"Fictitious mock record 76 for Smart Lists testing only";"99000000076";"MOCKP000076";"MOCKID0000076";"mock;test;watchlist";"";"Montevideo;Chile";"Julieta";"Castro";"Montevideo";"Public Official";"Watchlist";"Mr";"76"
"59";"2026/09/20";"R. Silva;Ricardo Silva Test";"Ricardo Silva";"PEP";"Mock Company 8;Demo Holdings 1";"Brazil";"";"1967-05-23";"I";"MOCK_GENERATOR";"2026/08/18";"2026/09/06";"MockSourceA;MockSourceB";"Fictitious mock record 77 for Smart Lists testing only";"99000000077";"MOCKP000077";"MOCKID0000077";"mock;test;pep";"";"Asunción;Brazil";"Ricardo";"Silva";"Asunción";"Business Executive";"Politically Exposed Person";"Ms";"77"
"58";"2026/09/20";"P. Gómez;Paula Gómez Test";"Paula Gomez";"SANCTION";"Mock Company 9;Demo Holdings 2";"Peru";"";"1968-06-24";"I";"MOCK_GENERATOR";"2026/08/19";"2026/09/07";"MockSourceA;MockSourceB";"Fictitious mock record 78 for Smart Lists testing only";"99000000078";"MOCKP000078";"MOCKID0000078";"mock;test;sanction";"";"Santiago;Peru";"Paula";"Gómez";"Santiago";"Government Advisor";"Sanctions";"Dr";"78"
"57";"2026/09/20";"N. López;Nicolás López Test";"Nicolas Lopez";"RISK";"Mock Company 10;Demo Holdings 3";"Argentina";"";"1969-07-25";"I";"MOCK_GENERATOR";"2026/08/20";"2026/09/08";"MockSourceA;MockSourceB";"Fictitious mock record 79 for Smart Lists testing only";"99000000079";"MOCKP000079";"MOCKID0000079";"mock;test;risk";"";"Lima;Argentina";"Nicolás";"López";"Lima";"Former Official";"High Risk Individual";"Lic";"79"
"56";"2026/09/20";"C. Romero;Carolina Romero Test";"Carolina Romero";"WATCHLIST";"Mock Company 1;Demo Holdings 4";"Uruguay";"";"1970-08-26";"I";"MOCK_GENERATOR";"2026/08/01";"2026/09/09";"MockSourceA;MockSourceB";"Fictitious mock record 80 for Smart Lists testing only";"99000000080";"MOCKP000080";"MOCKID0000080";"mock;test;watchlist";"79";"São Paulo;Uruguay";"Carolina";"Romero";"São Paulo";"Private Individual";"Watchlist";"Ing";"80"
"55";"2026/09/20";"J. Álvarez;Juan Álvarez Test";"Juan Alvarez";"PEP";"Mock Company 2;Demo Holdings 5";"Paraguay";"";"1971-09-27";"I";"MOCK_GENERATOR";"2026/08/02";"2026/09/10";"MockSourceA;MockSourceB";"Fictitious mock record 81 for Smart Lists testing only";"99000000081";"MOCKP000081";"MOCKID0000081";"mock;test;pep";"";"Buenos Aires;Paraguay";"Juan";"Álvarez";"Buenos Aires";"Public Official";"Politically Exposed Person";"Mr";"81"
"54";"2026/09/20";"M. Herrera;María Herrera Test";"Maria Herrera";"SANCTION";"Mock Company 3;Demo Holdings 6";"Chile";"";"1972-10-01";"I";"MOCK_GENERATOR";"2026/08/03";"2026/09/11";"MockSourceA;MockSourceB";"Fictitious mock record 82 for Smart Lists testing only";"99000000082";"MOCKP000082";"MOCKID0000082";"mock;test;sanction";"";"Córdoba;Chile";"María";"Herrera";"Córdoba";"Business Executive";"Sanctions";"Ms";"82"
"53";"2026/09/20";"C. Molina;Carlos Molina Test";"Carlos Molina";"RISK";"Mock Company 4;Demo Holdings 7";"Brazil";"";"1973-11-02";"I";"MOCK_GENERATOR";"2026/08/04";"2026/09/12";"MockSourceA;MockSourceB";"Fictitious mock record 83 for Smart Lists testing only";"99000000083";"MOCKP000083";"MOCKID0000083";"mock;test;risk";"";"Rosario;Brazil";"Carlos";"Molina";"Rosario";"Government Advisor";"High Risk Individual";"Dr";"83"
"52";"2026/09/20";"A. Pérez;Ana Pérez Test";"Ana Perez";"WATCHLIST";"Mock Company 5;Demo Holdings 1";"Peru";"";"1974-12-03";"I";"MOCK_GENERATOR";"2026/08/05";"2026/09/13";"MockSourceA;MockSourceB";"Fictitious mock record 84 for Smart Lists testing only";"99000000084";"MOCKP000084";"MOCKID0000084";"mock;test;watchlist";"";"Mendoza;Peru";"Ana";"Pérez";"Mendoza";"Former Official";"Watchlist";"Lic";"84"
"51";"2026/09/20";"L. Fernández;Luis Fernández Test";"Luis Fernandez";"PEP";"Mock Company 6;Demo Holdings 2";"Argentina";"2024/01/01";"1975-01-04";"I";"MOCK_GENERATOR";"2026/08/06";"2026/09/14";"MockSourceA;MockSourceB";"Fictitious mock record 85 for Smart Lists testing only";"99000000085";"MOCKP000085";"MOCKID0000085";"mock;test;pep";"84";"La Plata;Argentina";"Luis";"Fernández";"La Plata";"Private Individual";"Politically Exposed Person";"Ing";"85"
"50";"2026/09/20";"S. García;Sofía García Test";"Sofia Garcia";"SANCTION";"Mock Company 7;Demo Holdings 3";"Uruguay";"";"1976-02-05";"I";"MOCK_GENERATOR";"2026/08/07";"2026/09/15";"MockSourceA;MockSourceB";"Fictitious mock record 86 for Smart Lists testing only";"99000000086";"MOCKP000086";"MOCKID0000086";"mock;test;sanction";"";"Montevideo;Uruguay";"Sofía";"García";"Montevideo";"Public Official";"Sanctions";"Mr";"86"
"49";"2026/09/20";"D. Torres;Diego Torres Test";"Diego Torres";"RISK";"Mock Company 8;Demo Holdings 4";"Paraguay";"";"1977-03-06";"I";"MOCK_GENERATOR";"2026/08/08";"2026/09/16";"MockSourceA;MockSourceB";"Fictitious mock record 87 for Smart Lists testing only";"99000000087";"MOCKP000087";"MOCKID0000087";"mock;test;risk";"";"Asunción;Paraguay";"Diego";"Torres";"Asunción";"Business Executive";"High Risk Individual";"Ms";"87"
"48";"2026/09/20";"L. Ruiz;Laura Ruiz Test";"Laura Ruiz";"WATCHLIST";"Mock Company 9;Demo Holdings 5";"Chile";"";"1978-04-07";"I";"MOCK_GENERATOR";"2026/08/09";"2026/09/17";"MockSourceA;MockSourceB";"Fictitious mock record 88 for Smart Lists testing only";"99000000088";"MOCKP000088";"MOCKID0000088";"mock;test;watchlist";"";"Santiago;Chile";"Laura";"Ruiz";"Santiago";"Government Advisor";"Watchlist";"Dr";"88"
"47";"2026/09/20";"M. Castro;Martín Castro Test";"Martin Castro";"PEP";"Mock Company 10;Demo Holdings 6";"Brazil";"";"1979-05-08";"I";"MOCK_GENERATOR";"2026/08/10";"2026/09/18";"MockSourceA;MockSourceB";"Fictitious mock record 89 for Smart Lists testing only";"99000000089";"MOCKP000089";"MOCKID0000089";"mock;test;pep";"";"Lima;Brazil";"Martín";"Castro";"Lima";"Former Official";"Politically Exposed Person";"Lic";"89"
"46";"2026/09/20";"V. Rojas;Valentina Rojas Test";"Valentina Rojas";"SANCTION";"Mock Company 1;Demo Holdings 7";"Peru";"";"1980-06-09";"I";"MOCK_GENERATOR";"2026/08/11";"2026/09/01";"MockSourceA;MockSourceB";"Fictitious mock record 90 for Smart Lists testing only";"99000000090";"MOCKP000090";"MOCKID0000090";"mock;test;sanction";"89";"São Paulo;Peru";"Valentina";"Rojas";"São Paulo";"Private Individual";"Sanctions";"Ing";"90"
"45";"2026/09/20";"J. Rodríguez;Jorge Rodríguez Test";"Jorge Rodriguez";"RISK";"Mock Company 2;Demo Holdings 1";"Argentina";"";"1981-07-10";"I";"MOCK_GENERATOR";"2026/08/12";"2026/09/02";"MockSourceA;MockSourceB";"Fictitious mock record 91 for Smart Lists testing only";"99000000091";"MOCKP000091";"MOCKID0000091";"mock;test;risk";"";"Buenos Aires;Argentina";"Jorge";"Rodríguez";"Buenos Aires";"Public Official";"High Risk Individual";"Mr";"91"
"44";"2026/09/20";"C. Martínez;Camila Martínez Test";"Camila Martinez";"WATCHLIST";"Mock Company 3;Demo Holdings 2";"Uruguay";"";"1982-08-11";"I";"MOCK_GENERATOR";"2026/08/13";"2026/09/03";"MockSourceA;MockSourceB";"Fictitious mock record 92 for Smart Lists testing only";"99000000092";"MOCKP000092";"MOCKID0000092";"mock;test;watchlist";"";"Córdoba;Uruguay";"Camila";"Martínez";"Córdoba";"Business Executive";"Watchlist";"Ms";"92"
"43";"2026/09/20";"P. Romero;Pablo Romero Test";"Pablo Romero";"PEP";"Mock Company 4;Demo Holdings 3";"Paraguay";"";"1983-09-12";"I";"MOCK_GENERATOR";"2026/08/14";"2026/09/04";"MockSourceA;MockSourceB";"Fictitious mock record 93 for Smart Lists testing only";"99000000093";"MOCKP000093";"MOCKID0000093";"mock;test;pep";"";"Rosario;Paraguay";"Pablo";"Romero";"Rosario";"Government Advisor";"Politically Exposed Person";"Dr";"93"
"42";"2026/09/20";"L. Álvarez;Lucía Álvarez Test";"Lucia Alvarez";"SANCTION";"Mock Company 5;Demo Holdings 4";"Chile";"";"1984-10-13";"I";"MOCK_GENERATOR";"2026/08/15";"2026/09/05";"MockSourceA;MockSourceB";"Fictitious mock record 94 for Smart Lists testing only";"99000000094";"MOCKP000094";"MOCKID0000094";"mock;test;sanction";"";"Mendoza;Chile";"Lucía";"Álvarez";"Mendoza";"Former Official";"Sanctions";"Lic";"94"
"41";"2026/09/20";"F. Herrera;Federico Herrera Test";"Federico Herrera";"RISK";"Mock Company 6;Demo Holdings 5";"Brazil";"";"1985-11-14";"I";"MOCK_GENERATOR";"2026/08/16";"2026/09/06";"MockSourceA;MockSourceB";"Fictitious mock record 95 for Smart Lists testing only";"99000000095";"MOCKP000095";"MOCKID0000095";"mock;test;risk";"94";"La Plata;Brazil";"Federico";"Herrera";"La Plata";"Private Individual";"High Risk Individual";"Ing";"95"
"40";"2026/09/20";"J. Molina;Julieta Molina Test";"Julieta Molina";"WATCHLIST";"Mock Company 7;Demo Holdings 6";"Peru";"";"1986-12-15";"I";"MOCK_GENERATOR";"2026/08/17";"2026/09/07";"MockSourceA;MockSourceB";"Fictitious mock record 96 for Smart Lists testing only";"99000000096";"MOCKP000096";"MOCKID0000096";"mock;test;watchlist";"";"Montevideo;Peru";"Julieta";"Molina";"Montevideo";"Public Official";"Watchlist";"Mr";"96"
"39";"2026/09/20";"R. Pérez;Ricardo Pérez Test";"Ricardo Perez";"PEP";"Mock Company 8;Demo Holdings 7";"Argentina";"";"1987-01-16";"I";"MOCK_GENERATOR";"2026/08/18";"2026/09/08";"MockSourceA;MockSourceB";"Fictitious mock record 97 for Smart Lists testing only";"99000000097";"MOCKP000097";"MOCKID0000097";"mock;test;pep";"";"Asunción;Argentina";"Ricardo";"Pérez";"Asunción";"Business Executive";"Politically Exposed Person";"Ms";"97"
"38";"2026/09/20";"P. Fernández;Paula Fernández Test";"Paula Fernandez";"SANCTION";"Mock Company 9;Demo Holdings 1";"Uruguay";"";"1988-02-17";"I";"MOCK_GENERATOR";"2026/08/19";"2026/09/09";"MockSourceA;MockSourceB";"Fictitious mock record 98 for Smart Lists testing only";"99000000098";"MOCKP000098";"MOCKID0000098";"mock;test;sanction";"";"Santiago;Uruguay";"Paula";"Fernández";"Santiago";"Government Advisor";"Sanctions";"Dr";"98"
"37";"2026/09/20";"N. García;Nicolás García Test";"Nicolas Garcia";"RISK";"Mock Company 10;Demo Holdings 2";"Paraguay";"";"1989-03-18";"I";"MOCK_GENERATOR";"2026/08/20";"2026/09/10";"MockSourceA;MockSourceB";"Fictitious mock record 99 for Smart Lists testing only";"99000000099";"MOCKP000099";"MOCKID0000099";"mock;test;risk";"";"Lima;Paraguay";"Nicolás";"García";"Lima";"Former Official";"High Risk Individual";"Lic";"99"
"36";"2026/09/20";"C. Díaz;Carolina Díaz Test";"Carolina Diaz";"WATCHLIST";"Mock Company 1;Demo Holdings 3";"Chile";"";"1990-04-19";"I";"MOCK_GENERATOR";"2026/08/01";"2026/09/11";"MockSourceA;MockSourceB";"Fictitious mock record 100 for Smart Lists testing only";"99000000100";"MOCKP000100";"MOCKID0000100";"mock;test;watchlist";"99";"São Paulo;Chile";"Carolina";"Díaz";"São Paulo";"Private Individual";"Watchlist";"Ing";"100"
